﻿Designator,Quantity,Value,Footprint,Package,MPN,DNP,Mount_Type,Description,Sim.Pins
D1,1,1a,LED_D5.0mm,,,,tht,"Light emitting diode, small symbol, filled shape",1=K 2=A
D10,1,5b,LED_D5.0mm,,,,tht,"Light emitting diode, small symbol, filled shape",1=K 2=A
D11,1,6a,LED_D5.0mm,,,,tht,"Light emitting diode, small symbol, filled shape",1=K 2=A
D12,1,6b,LED_D5.0mm,,,,tht,"Light emitting diode, small symbol, filled shape",1=K 2=A
D2,1,2a,LED_D5.0mm,,,,tht,"Light emitting diode, small symbol, filled shape",1=K 2=A
D3,1,3a,LED_D5.0mm,,,,tht,"Light emitting diode, small symbol, filled shape",1=K 2=A
D4,1,1b,LED_D5.0mm,,,,tht,"Light emitting diode, small symbol, filled shape",1=K 2=A
D5,1,2b,LED_D5.0mm,,,,tht,"Light emitting diode, small symbol, filled shape",1=K 2=A
D6,1,3b,LED_D5.0mm,,,,tht,"Light emitting diode, small symbol, filled shape",1=K 2=A
D7,1,4a,LED_D5.0mm,,,,tht,"Light emitting diode, small symbol, filled shape",1=K 2=A
D8,1,4b,LED_D5.0mm,,,,tht,"Light emitting diode, small symbol, filled shape",1=K 2=A
D9,1,5a,LED_D5.0mm,,,,tht,"Light emitting diode, small symbol, filled shape",1=K 2=A
J1,1,ICSP,PinHeader_2x03_P2.54mm_Vertical,,,,tht,"Generic connector, double row, 02x03, odd/even pin numbering scheme (row 1 odd numbers, row 2 even numbers), script generated (kicad-library-utils/schlib/autogen/connector/)",
"R1, R2, R3, R4",4,R_Small,R_Axial_DIN0204_L3.6mm_D1.6mm_P5.08mm_Horizontal,,,,tht,"Resistor, small symbol",
U1,1,ATtiny85-20P,DIP-8_W7.62mm,,,,tht,"20MHz, 8kB Flash, 512B SRAM, 512B EEPROM, debugWIRE, DIP-8",
