﻿pos_x,pos_y,rotation,side,designator,mpn,pack,footprint,value,mount_type
65.283,-67.056,180.0,top,D1,,,LED_D5.0mm,1a,tht
89.159,-137.668,180.0,top,D10,,,LED_D5.0mm,5b,tht
76.967,-67.056,180.0,top,D11,,,LED_D5.0mm,6a,tht
74.417,-146.304,0.0,top,D12,,,LED_D5.0mm,6b,tht
89.159,-67.056,180.0,top,D2,,,LED_D5.0mm,2a,tht
58.171,-85.344,180.0,top,D3,,,LED_D5.0mm,3a,tht
95.763,-85.344,180.0,top,D4,,,LED_D5.0mm,1b,tht
56.139,-102.108,180.0,top,D5,,,LED_D5.0mm,2b,tht
98.303,-102.108,180.0,top,D6,,,LED_D5.0mm,3b,tht
58.171,-120.396,180.0,top,D7,,,LED_D5.0mm,4a,tht
95.763,-120.396,180.0,top,D8,,,LED_D5.0mm,4b,tht
65.283,-137.668,180.0,top,D9,,,LED_D5.0mm,5a,tht
62.733,-74.676,0.0,top,J1,,,PinHeader_2x03_P2.54mm_Vertical,ICSP,tht
75.184,-79.756,180.0,top,R1,,,R_Axial_DIN0204_L3.6mm_D1.6mm_P5.08mm_Horizontal,R_Small,tht
75.184,-76.708,180.0,top,R2,,,R_Axial_DIN0204_L3.6mm_D1.6mm_P5.08mm_Horizontal,R_Small,tht
88.392,-79.756,-0.0,top,R3,,,R_Axial_DIN0204_L3.6mm_D1.6mm_P5.08mm_Horizontal,R_Small,tht
88.392,-76.708,0.0,top,R4,,,R_Axial_DIN0204_L3.6mm_D1.6mm_P5.08mm_Horizontal,R_Small,tht
85.593,-82.042,180.0,top,U1,,,DIP-8_W7.62mm,ATtiny85-20P,tht
